,Company,Count
0,Amazon.com,358
1,Ball Aerospace,187
2,Microsoft,137
3,Google,134
4,NYU Langone Health,77
5,Fred Hutchinson Cancer Research Center,70
6,KPMG,66
7,Lab126,50
8,Broad Institute,49
9,Facebook,49
10,Walmart eCommerce,45
11,McKinsey & Company,41
12,Harnham,39
13,Takeda Pharmaceutical,39
14,University of Washington,39
15,Celgene Corporation,34
16,"Pharmacyclics, an Abbvie Company",34
17,Oath Inc,34
18,Cymer,32
19,Brigham & Women's Hospital(BWH),31
20,Biogen,30
21,Sanofi,28
22,Amgen,28
23,JP Morgan Chase,27
24,Illumina,27
25,Jacobs,27
26,Zillow Group,26
27,JUUL Labs,26
28,JD.com,26
29,Cedars-Sinai,24
30,CDK Global,24
31,The Climate Corporation,23
32,University of Texas at Austin,23
33,Uber,23
34,Wayfair,22
35,Civis Analytics,22
36,Tempus,22
37,NOKIA,22
38,Vertex Pharmaceuticals,22
39,Accenture,22
40,Massachusetts General Hospital(MGH),22
41,Genentech,22
42,Burns & McDonnell,22
43,Vertex,21
44,Harvard University,21
45,ICF,20
46,Autodesk,20
47,Nielsen,20
48,DEPT OF HEALTH/MENTAL HYGIENE,20
49,Twitter,19
50,Quora,19
51,Jobspring Partners,19
52,Draper,19
53,Pfizer Inc.,19
54,Bristol-Myers Squibb,18
55,Alnylam,18
56,Bank of America,18
57,Apple,17
58,Novartis,17
59,Workbridge Associates,17
60,The Boston Consulting Group,17
61,23andMe,17
62,Thermo Fisher Scientific,16
63,Leidos,16
64,Natera,16
65,Allstate,16
66,DigitasLBi,16
67,The University of Chicago,16
68,IBM,16
69,Dana-Farber Cancer Institute,16
70,Columbia University,15
71,Merck,15
72,Emory University,15
73,General Electric,15
74,Georgia Tech Research Institute,15
75,Exponent,14
76,BuzzFeed,14
77,The Home Depot,13
78,BioMarin,13
79,University of California San Francisco,13
80,USC,13
81,Spotify,13
82,Samsung Research America,13
83,AbbVie,13
84,University of Colorado,12
85,Mathematica Policy Research,12
86,Analytic Recruiting,12
87,Boston University,12
88,bluebird bio,12
89,ASML,12
90,Lawrence Berkeley National Laboratory,12
91,Capital One,12
92,BlueLabs Analytics,11
93,Gilead Sciences,11
94,DataRobot,11
95,Intuit,11
96,BNY Mellon,11
97,"Pandora Media, Inc.",11
98,R&D Partners,11
99,BOEING,11
100,UC San Diego,11
101,Dremio,11
102,"Kleinfelder, Inc.",11
103,Commonwealth Sciences,11
104,Capgemini,10
105,Goldman Sachs,10
106,Weill Cornell Medicine,10
107,Shire Pharmaceuticals,10
108,Zillow,10
109,ZestFinance,10
110,Northwestern University,10
111,Payette Group,10
112,Simons Foundation,10
113,DELL,10
114,MIT,10
115,QuantumBlack,10
116,"Moderna Therapeutics, Inc",10
117,State Street,10
118,Johnson & Johnson Family of Companies,9
119,Indigo,9
120,TARGET,9
121,Ipsos North America,9
122,Juno Therapeutics,9
123,Rubius Therapeutics,9
124,Schireson,9
125,"Foundation Medicine, Inc.",9
126,Nektar,9
127,LivePerson - Global Product & Technology,9
128,JLL,9
129,Smith Hanley Associates,8
130,Booz Allen Hamilton,8
131,The Coca-Cola Company,8
132,Averity,8
133,Pfizer,8
134,"Anthem, Inc.",8
135,Guardant Health,8
136,Coupang,8
137,Symantec,8
138,"Two Sigma Investments, LLC.",8
139,Wunderman,8
140,Instacart,8
141,Redfish Technology - High Tech Executive Recruiters,8
142,New York Life Insurance Co,8
143,Cedars-Sinai Medical Center,8
144,UnitedHealth Group,8
145,Darwin Recruitment,8
146,University of California Berkeley,8
147,Rush University Medical Center,8
148,"Advanced Micro Devices, Inc.",8
149,Mount Sinai,8
150,Solid Biosciences,7
151,Rover,7
152,Roche,7
153,Blueprint Medicines,7
154,zulily,7
155,Denali,7
156,NORC at the University of Chicago,7
157,Dyson,7
158,Adobe,7
159,First Republic Bank,7
160,h2o.ai,7
161,Omeros Corporation,7
162,Klein Hersh International,7
163,Ann & Robert H. Lurie Childrens Hospital of Chicago,7
164,Ginkgo Bioworks,7
165,Conversion Logic,7
166,Memorial Sloan Kettering,7
167,National Ecological Observatory Network Inc,7
168,Cognitive Scale,7
169,HDR,6
170,Brammer Bio,6
171,Baidu USA,6
172,Howard Hughes Medical Institute,6
173,Electronic Arts,6
174,Encodia,6
175,Environmental Defense Fund,6
176,General Atomics,6
177,Feedzai,6
178,Sorrento Therapeutics,6
179,Gro Intelligence,6
180,Counsyl,6
181,Seattle Childrens,6
182,BioPhase Solutions,6
183,Square,6
184,National Instruments,6
185,Natural Resources Defense Council,6
186,New York University,6
187,Nordstrom,6
188,Centers for Disease Control and Prevention,6
189,Novetta,6
190,Catapult Sports,6
191,CRISPR THERAPEUTICS,6
192,Pinterest,6
193,Proteus Digital Health,6
194,NVIDIA,6
195,FICO,6
196,Agios Pharmaceuticals,6
197,Wish,6
198,Twist Bioscience,6
199,Albert Einstein College of Medicine,6
200,Twitch,6
201,Stitch Fix,6
202,The Camstoll Group,6
203,Zymergen,6
204,U.S. Federal Government,6
205,Riot Games,5
206,Citi,5
207,Visa,5
208,Celect,5
209,Groupon,5
210,CACI,5
211,Textio,5
212,Tableau,5
213,Walmart,5
214,Elsevier,5
215,Honda Research Institute USA,5
216,Logic20/20,5
217,Abcam,5
218,CBRE,5
219,BetterUp,5
220,Talent & Acquisition LLC,5
221,Boston Children's Hospital,5
222,Invicro,5
223,Teradata,5
224,Sage Therapeutics,5
225,Intrexon Corporation.,5
226,AIG,5
227,"ArcherDX, INC.",5
228,Rutgers University,5
229,Intellia,5
230,"Decibel Therapeutics, Inc.",5
231,Biolegend,5
232,Kantar Millward Brown,5
233,Northeastern University,5
234,"Williams-Sonoma, Inc.",5
235,Sift Science,5
236,"Petuum, Inc",5
237,NCSA - Next College Student Athlete,5
238,Fidelity Investments,5
239,Panjiva,5
240,Partners HealthCare(PHS),5
241,Via,5
242,Credit Karma,5
243,Remitly,5
244,Synopsys,5
245,Signify,5
246,Charles River Analytics,5
247,CuraCloud Corporation,5
248,xentity corporation,5
249,TrueMotion,5
250,Penn Schoen Berland,5
251,General Assembly,5
252,BMO Financial Group,5
253,ALS TDI,5
254,Atreca,5
255,Wood,5
256,King.com,5
257,Kelvin,5
258,NetApp,5
259,MassMutual,5
260,Coursera,5
261,Recruitomics Consulting,4
262,"Human Longevity, Inc.",4
263,RTI International,4
264,Impossible Foods,4
265,DiDi Labs,4
266,IHS Markit,4
267,Demandbase,4
268,KSQ Therapeutics,4
269,Morgan Stanley,4
270,Cogito Corporation,4
271,Pfenex Inc.,4
272,LendingClub,4
273,LabCorp,4
274,La Jolla Institute for Allergy and Immunology,4
275,ThoughtWorks,4
276,Pivotal Software,4
277,Kleinfelder,4
278,Klein Management Systems,4
279,PPD,4
280,Kaiser Permanente,4
281,C3 IoT,4
282,DEPT OF ENVIRONMENT PROTECTION,4
283,Prometheus Laboratories Inc.,4
284,Hudson River Trading,4
285,Maven Wave Partners,4
286,Oracle,4
287,Qualcomm,4
288,"Accelrys, Inc.",4
289,Invitae,4
290,Dataiku,4
291,The Hexagon Lavish,4
292,Redfin,4
293,Bloomberg,4
294,Upstart,4
295,Charles River Analytics Inc.,4
296,Unum Therapeutics,4
297,BenevolentAI,4
298,Akuna Capital,4
299,Guidehouse,4
300,Ultragenyx Pharmaceutical,4
301,Nohla Therapeutics,4
302,Dimension Therapeutics,4
303,Sarepta Therapeutics,4
304,Gallup,4
305,Central Intelligence Agency,4
306,Universities Space Research Association,4
307,"Alexion Pharmaceuticals,Inc.",4
308,Scientific Research Corporation,4
309,Grab Taxi,4
310,Arm,4
311,Eli Lilly,4
312,ACLU,4
313,Engage Partners,4
314,Norfolk Southern Corp,4
315,Getty Images,4
316,Chan Zuckerberg Biohub,4
317,Ashton Lane Group,4
318,Nanostring Technologies,4
319,Foursquare,4
320,Clarivate Analytics,4
321,Xylem,4
322,AIR Worldwide,4
323,Splunk,4
324,Resource Technology Partners,4
325,Diverse Lynx,4
326,Honeywell,4
327,Aetna,4
328,DocuSign,4
329,Hologic,4
330,TetraScience,4
331,Doximity,4
332,Wuxi AppTec,4
333,SparkCognition,4
334,S&P Global,4
335,Asuragen,4
336,All-In Analytics,4
337,S.C. International,4
338,NEUROCRINE BIOSCIENCES,4
339,Olympia Medical Center,4
340,Sojern,4
341,ERPi,4
342,Generation Bio,4
343,MGH & BWH Center for Clinical Data Science,3
344,CircleUp,3
345,Neon Therapeutics,3
346,Affect Mental Health,3
347,National instrument,3
348,NantKwest,3
349,Commonwealth of Massachusetts,3
350,Constellation Pharmaceuticals,3
351,Cogo Labs,3
352,Clockwork Solutions,3
353,Squarespace,3
354,Morningstar,3
355,NDT.com,3
356,Uptake,3
357,Clear Story Data,3
358,NGM Biopharmaceuticals,3
359,Method Products,3
360,Macy's,3
361,Clarity Insights,3
362,Akebia Therapeutics,3
363,Color Genomics,3
364,Medidata Solutions,3
365,Comcast,3
366,Vera Institute of Justice,3
367,NYP/Weill Cornell Medical Center,3
368,Springer Nature,3
369,Intercontinental Exchange,3
370,Convoy,3
371,84.51,3
372,Xaxis,3
373,Xencor,3
374,Harvard Pilgrim Health Care,3
375,EY,3
376,"Halozyme Therapeutics, Inc.",3
377,AECOM,3
378,H3 Biomedicine,3
379,Eaton Vance,3
380,Grubhub,3
381,ZX Ventures,3
382,GreenSky,3
383,Grant Thornton,3
384,Glassdoor,3
385,7Park Data,3
386,Dropbox,3
387,"Genomatica, Inc.",3
388,fractalanalytics,3
389,Epsilon,3
390,Galvanize,3
391,GUTTMACHER,3
392,Esurance,3
393,GB HealthWatch,3
394,iRhythm,3
395,Fractal Analytics,3
396,Exelixis Inc.,3
397,"Ferring Pharmaceuticals, Inc.",3
398,Explore Group Inc,3
399,Fanatics Inc.,3
400,HelloFresh,3
401,HiTS,3
402,Correlation One,3
403,Voxelcloud,3
404,Cotiviti,3
405,Aera Technology,3
406,Liberty Mutual,3
407,ViaSat,3
408,Viome,3
409,Klaviyo,3
410,"CytomX Therapeutics, Inc.",3
411,DEPARTMENT OF FINANCE,3
412,VitroLabs Inc,3
413,KLA-Tencor,3
414,DNAnexus,3
415,Juvo,3
416,Acumen LLC,3
417,John Hancock,3
418,Dow Jones,3
419,Abbott Laboratories,3
420,Waymo,3
421,JBCConnect,3
422,Neural Analytics,3
423,Integral Ad Science,3
424,Instrumentation Laboratory,3
425,Delmock Technologies Inc.,3
426,AP Staffing,3
427,AKCEA Therapeutics,3
428,HubSpot,3
429,Hospital for Special Surgery,3
430,Hopper,3
431,HireMinds,3
432,Netflix,3
433,Pathway Genomics,3
434,SKIM,3
435,CarGurus,3
436,S&P GLOBAL MARKET INTELLIGENCE,3
437,S&P Global Ratings,3
438,Qualtrics,3
439,Quantcast,3
440,BICP,3
441,Oscar Insurance,3
442,OppenheimerFunds,3
443,Posh Technologies,3
444,BrightBytes,3
445,Sangamo Therapeutics,3
446,BAE Systems,3
447,"The Cadmus Group, Inc.",3
448,Axon,3
449,SiriusXM,3
450,BlueRock Therapeutics,3
451,Cars.com,3
452,CA Technologies,3
453,Russell Investments,3
454,Stroz Friedberg,3
455,Tremor,3
456,"Summit Technologies, Inc.",3
457,Projectline,3
458,The Urban Institute,3
459,Businesses UNITED TECHNOLOGIES CORP. HEADQUARTERS,3
460,Proofpoint,3
461,ProClinical,3
462,PaxVax,3
463,Scienaptic Systems Inc,3
464,Boston Medical Center (BMC),3
465,BlackLocus,3
466,Prudential,3
467,"Rincon Consultants, Inc.",3
468,TUFTS University,3
469,American Express,3
470,PureTech Health,3
471,SunTrust,3
472,Trunk Club,3
473,ServiceNow,3
474,Annalect,3
475,"Berkeley Lights, Inc.",3
476,Apixio,3
477,UCLA,3
478,Centra Technology,3
479,AllianceBernstein,3
480,AstraZeneca,3
481,Bosch Group,3
482,Northrop Grumman,3
483,Allen Institute,3
484,Noodle.ai,3
485,Noblis,3
486,Nift Networks,3
487,Sony Interactive Entertainment PlayStation,3
488,Nift,3
489,US Foods,3
490,ChefSteps,3
491,Tonal,3
492,Newell Brands,3
493,Ra Pharmaceuticals,3
494,Chewy,3
495,Pluralsight,3
496,Pearson,3
497,Allianz Global Corporate & Specialty,3
498,Smarkets,3
499,"Open Systems Technologies, Inc.",3
500,Rally Health,3
501,"The Hagan-Ricci Group, Inc.",3
502,Oncorus,3
503,TransUnion,3
504,BrainWorks,3
505,Catalina Marketing,3
506,Brain Corporation,3
507,Samba TV,3
508,The Goal Inc.,3
509,R/GA,3
510,UBS,3
511,Heluna Health,2
512,"TekPartners, A P2P Company",2
513,Terramino Foods,2
514,Helix,2
515,Rue La La,2
516,Heed Foods,2
517,Hearsay Systems,2
518,Health & Human Services Comm,2
519,Tapjoy,2
520,New York Genome Center,2
521,HistoWiz,2
522,Recurly,2
523,Inabia Solutions and Consulting,2
524,Imbellus,2
525,Ignyte Group,2
526,Icon plc,2
527,IQVIA,2
528,Radiant Solutions,2
529,IDEO,2
530,Ranker,2
531,Raytheon,2
532,Hyatt,2
533,Thasos Group,2
534,"Hitachi Chemical Advanced Therapeutics Solutions, LLC (formerly PCT Cell Therapy Services, LLC)",2
535,Remind,2
536,Reorg Research,2
537,HawkinsPointPartners,2
538,Hotwire,2
539,ResMed,2
540,Resolution Bioscience,2
541,"RetailMeNot, Inc.",2
542,Retrophin,2
543,Roblox,2
544,Rockstar New York,2
545,Housecall Pro,2
546,Granular,2
547,SSC,2
548,Freshly,2
549,General Dynamics Information Technology,2
550,eGenesis,2
551,Siemens,2
552,Genedata,2
553,Geli,2
554,Gap Inc. Corporate,2
555,SigOpt,2
556,Stride Search,2
557,GQR Global Markets,2
558,GNS Healthcare,2
559,"GENEWIZ, Inc.",2
560,Skillz Inc.,2
561,Fulcrum Therapeutics,2
562,FuelX,2
563,Freestar,2
564,STRIVR,2
565,Freebird,2
566,Slack,2
567,Franklin Templeton Investments,2
568,Slice Technologies & Unroll.me,2
569,Strategic Employment Partners,2
570,insitro.com,2
571,Foghorn Therapeutics,2
572,Foghorn Systems,2
573,openwater (openwater.cc),2
574,Social Fulcrum,2
575,Stantec,2
576,thredUP Inc,2
577,Fannie Mae,2
578,SpotHero,2
579,eBay Inc.,2
580,Shutterfly,2
581,Zynga,2
582,Service Employees International Union,2
583,Salesforce,2
584,Salient CRGT,2
585,Hap Capital,2
586,"Handshake Partners, LLC",2
587,"Samumed, LLC",2
588,HERE Technologies,2
589,Sano,2
590,Sapient Global Markets,2
591,Yelp,2
592,Sartorius Corporation,2
593,Sartorius North America,2
594,GroundTruth,2
595,Scaleapi,2
596,TVision Insights,2
597,ZapLabs LLC,2
598,Gradient.io,2
599,Seattle Cancer Care Alliance,2
600,Senseye,2
601,"Sensory, Inc",2
602,Gossamer Bio,2
603,Sentient Investment Management,2
604,"Zendrive, Inc.",2
605,Zoomdata,2
606,Golin,2
607,Zylotech,2
608,Goldfinch Bio,2
609,Golder Associates,2
610,Glu Mobile,2
611,"Seres Therapeutics, Inc.",2
612,Inari Agriculture,2
613,Weight Watchers International,2
614,Inception Sciences,2
615,VIE HIRE,2
616,VISITING NURSE SERVICE OF NEW YORK,2
617,Oversight Systems,2
618,PATH,2
619,Medal,2
620,Valassis Digital,2
621,Vanda Pharmaceuticals Inc.,2
622,PLAYSTUDIOS Inc,2
623,Varstaff,2
624,PNC Financial Services Group,2
625,Massachusetts Eye and Ear Infirmary,2
626,Mars,2
627,Manulife Financial,2
628,Manulife,2
629,ManTech International Corporation,2
630,MUFG,2
631,Pacific Investment Management Company LLC,2
632,Trulia,2
633,Patricio Enterprises,2
634,MFS Investment Management,2
635,MCKEAN DEFENSE/CABRILLO TECHNOLOGIES,2
636,MARC USA LLC,2
637,TripleLift,2
638,M.Gemi,2
639,Loyal,2
640,Lonza,2
641,LogMeIn,2
642,Perficient,2
643,Locke Careers,2
644,PerkinElmer,2
645,"Mercedes-Benz Research & Development North America, Inc.",2
646,Merrimack Pharmaceuticals,2
647,WinterWyman,2
648,Mersana Therapeutics,2
649,Ubisoft,2
650,Ultimate Software,2
651,Under Armour,2
652,Nanocellect Biomedical Inc.,2
653,Northwell Health,2
654,NRG- A Stagwell Company,2
655,University of Illinois at Chicago,2
656,NIKE INC,2
657,UCAR,2
658,OFFICE OF MANAGEMENT & BUDGET,2
659,Oliver Wyman,2
660,Omada Health,2
661,U.S. Bank,2
662,Turner,2
663,"MyoKardia, Inc.",2
664,Moveworks.ai,2
665,Mount Sinai Health System,2
666,Ontoforce NV,2
667,"Open Data Science, LLC",2
668,Montclair State University,2
669,Opendoor,2
670,Mobiquity,2
671,"Miragen Therapeutics, Inc.",2
672,Mintel Group,2
673,Mindshare,2
674,UserTesting,2
675,VHB,2
676,"Operam, Inc",2
677,Operation HOPE,2
678,Verisk Analytics,2
679,Persado,2
680,Verizon,2
681,LivePerson,2
682,The New York Times,2
683,The New School,2
684,KEYW Corporation,2
685,PulsePoint,2
686,PwC,2
687,The Nerdery,2
688,"Jenzabar, Inc",2
689,The Mice Groups,2
690,"Qualified Technical Services, Inc",2
691,WeWork Global Technology,2
692,Weaver Consultants Group,2
693,Weber Shandwick,2
694,"J.Crew Group, Inc.",2
695,Neuberger Berman,2
696,Whiz Finder Corporation,2
697,Quantium,2
698,Invesco,2
699,The Marketing Store,2
700,William Blair & Company,2
701,Quizlet,2
702,Interactive Brokers,2
703,InterSystems Corporation,2
704,"Integrated DNA Technologies, Inc",2
705,Institute for Systems Biology,2
706,RBC,2
707,Insider Inc.,2
708,The Expert Institute,2
709,Initiative for a Competitive Inner City (ICIC),2
710,Infox Consulting,2
711,KNIME,2
712,Prestige Staffing,2
713,Karen Clark & Company,2
714,Label Insight,2
715,Links Global,2
716,Perspecta,2
717,"Linc Global, Inc.",2
718,LimeBike,2
719,Lightmatter,2
720,Lighthouse Lab Services,2
721,Lightelligence,2
722,LendingHome,2
723,Transcriptic,2
724,Legendary Applied Analytics,2
725,Pharmerit International,2
726,Physical Sciences Inc.,2
727,"LakePharma, Inc.",2
728,Viacom,2
729,Virgin Hyperloop One,2
730,Piedmont Healthcare,2
731,LOCKHEED MARTIN CORPORATION,2
732,LNS Research,2
733,Komodo Health,2
734,Vidora,2
735,Planet Pharma,2
736,Platform Science,2
737,"ViewRay, Inc.",2
738,Porch,2
739,ThoughtSpot,2
740,Pragmatics,2
741,"Precision Systems, Inc.",2
742,Kelton Global,2
743,Motive Interactive,2
744,,2
745,Deuro,2
746,Enlearn,2
747,AT&T,2
748,E*TRADE FINANCIAL,2
749,Axiom Exergy Inc,2
750,AXIS Insurance,2
751,Aptiv,2
752,Engility,2
753,DRW,2
754,Boston Biomedical,2
755,Energy Solutions,2
756,Aptevo,2
757,Applied Systems Inc.,2
758,Bonobos,2
759,Empyreal Realty,2
760,BitSight,2
761,DRW Trading Group,2
762,Akrevia Therapeutics,2
763,Axcella Health,2
764,Compass Therapeutics LLC,2
765,"Amyris, Inc.",2
766,Deloitte,2
767,Automattic Inc.,2
768,DuPont,2
769,Casma Therapuetics,2
770,DEPARTMENT OF TRANSPORTATION,2
771,Castle Global,2
772,Avanade,2
773,Castlight Health,2
774,Celestar Corporation,2
775,ARiA,2
776,Bionano Genomics,2
777,Alation Inc.,2
778,BrickRed Systems,2
779,Bread Finance,2
780,Brad's Deals,2
781,Elevate,2
782,Applecart,2
783,Alcock & McFadden,2
784,B3 Group Inc,2
785,DataCamp,2
786,Eagle Medical Services,2
787,Anaconda,2
788,BGC Partners,2
789,Affinity Talent Group,2
790,DataVisor,2
791,Columbia University Medical Center,2
792,Affirm,2
793,Blue Bottle Coffee,2
794,Chenega Corporation,2
795,BMW North America,2
796,Balyasny,2
797,Dataminr,2
798,Collective Health,2
799,BNP Paribas,2
800,Blue Owl,2
801,Apex Life Sciences,2
802,Chronus Health,2
803,Bluecore,2
804,ENGIE Insight,2
805,Cognizant,2
806,Compass Tech International,2
807,Cepheid,2
808,Danaher,2
809,Certara,2
810,Adaptive Management,2
811,EXL,2
812,Change Healthcare,2
813,"Advanced Decision Vectors, LLC",2
814,Blueocean Market Intelligence,2
815,Charles River Laboratories,2
816,Charles Schwab,2
817,Advanced Technical Resources Inc.,2
818,Decision Resources Group,2
819,AMERICAN CANCER SOCIETY,2
820,DEPARTMENT OF CITY PLANNING,2
821,BOLD,2
822,CBS Corporate,2
823,City of Austin,2
824,ADMIN FOR CHILDREN'S SVCS,2
825,Bed Bath & Beyond,2
826,American Century Investments,2
827,AmeriCorps,2
828,Belcan Government Services,2
829,Discover Financial Services,2
830,Evidera,2
831,Evolent Health,2
832,2rbConsulting,2
833,CoreLogic,2
834,CAVA - Technology,2
835,Covance,2
836,Civic Hall,2
837,Clusterone,2
838,Delve,2
839,Crowe,2
840,Clari,2
841,A Place for Mom,2
842,Benchling,2
843,CCC Information Services Inc.,2
844,Dicerna,2
845,Atkins,2
846,Astellas Pharmaceuticals,2
847,ClimaCell,2
848,Candid Co.,2
849,Course Hero,2
850,Coupang(TECH),2
851,Camp4 Therapeutics Corporation,2
852,BioDuro,2
853,Expedia,2
854,City National Bank,2
855,City & County of San Francisco,2
856,Conviva,2
857,Conversant Media,2
858,Ask Media Group,2
859,ALTA DEVICES INC,2
860,FIRE DEPARTMENT,2
861,Etsy,2
862,Clover Health,2
863,American Geophysical Union,2
864,Brown Brothers Harriman,2
865,Career Movement,2
866,Ascent Services Group,2
867,Cogen Therapeutics,2
868,"Eurofins Lancaster Laboratories Professional Scientific Services, LLC",2
869,American Institutes for Research,2
870,Carbon3D,2
871,California State University,2
872,CGI,2
873,Cambridge Consultants,2
874,AGC Biologics,2
875,Dexcom,2
876,Cisco,2
877,ADP,2
878,Beth Israel Deaconess Medical Center,2
879,Arzeda,2
880,Cushman & Wakefield,2
881,Cardinal Health,2
882,Alibaba,2
883,Betterment LLC,1
884,Sensoleak,1
885,Baim Institute for Clinical Research,1
886,Bank of America Merchant Services,1
887,San Francisco Office of the Chief Medical Examiner,1
888,Banks Environmental Data,1
889,San Diego Community College District,1
890,Beacon Hill Technologies,1
891,Sensient Technologies Corporation,1
892,Benenson Strategy Group,1
893,SciTec,1
894,Bayside Solutions,1
895,Science 37,1
896,Bayer,1
897,Scoop Technologies,1
898,"Seton Family of Hospitals, TX",1
899,Scripps Health Corp,1
900,Seaport Global Holdings LLC,1
901,"SearchTech Consulting, Inc",1
902,Beclyn Group Recruiting,1
903,"ScaleFactor, Inc.",1
904,Becton Dickinson & Company,1
905,Sears Holdings Management Corporation,1
906,Bay Shore Staffing,1
907,Basepair,1
908,Sartorius,1
909,Beeswax,1
910,Santanna Energy Services,1
911,Santander Bank,1
912,Scholar Rock,1
913,Seiu Local 775,1
914,Belkin,1
915,Base Operations,1
916,"Seattle Genetics, Inc.",1
917,"FLX Bio, Inc.",1
918,Seven Bridges,1
919,Sovrn Holdings,1
920,SpinCar,1
921,Spectrum Brands,1
922,Specific Diagnostics,1
923,"Spaulding HospitalBoston & Cambridge(SRN,SRH,SHC)",1
924,"Attorney General, Office of the",1
925,Spark Foundry,1
926,SpaceCurve,1
927,Southwest Research Institute,1
928,Aurora Flight Sciences,1
929,Southern California Gas Company,1
930,Source One,1
931,SoundHound Inc.,1
932,Sothebys,1
933,Audley Travel,1
934,Soroco,1
935,Soraa Inc.,1
936,Atrius Health,1
937,Atlassian,1
938,Atlas Wearables,1
939,Atlas Research,1
940,Stratos Genomics,1
941,Assembly,1
942,Stevens Institute of Technology,1
943,StepStone Group LP,1
944,Stem Inc,1
945,Steel Point Solutions,1
946,Stealth Mode Startup Company,1
947,States Title,1
948,Association of American Medical Colleges,1
949,"Starry, Inc.",1
950,Starbucks,1
951,Staffing the Universe,1
952,Staffing Advisors,1
953,Stacey Kostue Consulting,1
954,Atlantic Media,1
955,Sophia Genetics,1
956,Sonic Healthcare USA,1
957,Shipt,1
958,Simon Data,1
959,"Skadden, Arps, Slate, Meagher & Flom LLP & Affiliates",1
960,Samsung NEXT,1
961,Siolta Therapeutics,1
962,Sinclair Broadcast Group,1
963,"Simple Mills, Inc.",1
964,Simple Laboratories,1
965,Ayasdi,1
966,SimScale,1
967,"Somalogic, Inc.",1
968,Siluria Technologies,1
969,"Sigma Systems, Inc.",1
970,BAIN & COMPANY,1
971,BARK,1
972,Shutterstock,1
973,Showtime,1
974,Shirley Ryan Ability Lab,1
975,SkillDemand,1
976,"Skoop Analytics, Inc.",1
977,Skyhook Wireless,1
978,Slalom Consulting,1
979,"SomaLogic, Inc.",1
980,Solving IT,1
981,Solomon Page,1
982,Solidus Technical Solutions,1
983,AutoGrid Systems,1
984,Socure,1
985,Socrata,1
986,Autonomous Therapeutics,1
987,SnapStrat,1
988,Snap Inc.,1
989,Smartly,1
990,SmartPharm Therapeutics,1
991,Avenue Code,1
992,Aviva,1
993,Slice,1
994,Axioma Inc.,1
995,SDSU Research Foundation,1
996,Bevi,1
997,Bright Power,1
998,Quanteam,1
999,Brighterion,1
1000,Qualys,1
1001,Brightidea,1
1002,Brillio,1
1003,Brokerage Consultants Inc.,1
1004,QualStaff Resources,1
1005,"Quadratic Systems, Inc.",1
1006,Qeexo,1
1007,Qadium,1
1008,Brookfield Asset Management,1
1009,Bureau Veritas,1
1010,Public Health Institute,1
1011,Burning Glass Technologies,1
1012,Providence Health & Services,1
1013,ProtonMail,1
1014,Burson-Marsteller,1
1015,Quantifind,1
1016,Quantlab,1
1017,"Proneurotech, Inc.",1
1018,Quantronix Inc,1
1019,Bose,1
1020,Ra Pharmaceutical,1
1021,ROKT,1
1022,RMworkforce,1
1023,REPS & Co.,1
1024,RCG Holdings LLC,1
1025,Bowery Farming,1
1026,RAND Corporation,1
1027,Boxed,1
1028,Qulab Inc.,1
1029,QuintilesIMS,1
1030,Quidel Corporation,1
1031,Quest Groups LLC,1
1032,Quest Diagnostics,1
1033,"Quentis Therapeutics, Inc",1
1034,Quartet,1
1035,Bridges and Tunnels,1
1036,Burst Inc.,1
1037,Prometrika,1
1038,Big Cloud,1
1039,Population Council,1
1040,Plexxikon,1
1041,Plenty,1
1042,CITIZENS BANK,1
1043,Planned Systems International,1
1044,CMIC Group,1
1045,Planet,1
1046,Plaid,1
1047,PlaceIQ,1
1048,CMTC,1
1049,Pivot Bio,1
1050,"PitchBook Data, Inc.",1
1051,"Pioneer Data Systems, Inc",1
1052,COMPTROLLER OF PUBLIC ACCOUNTS,1
1053,PillPack,1
1054,CONSUMER AFFAIRS,1
1055,PicnicHealth,1
1056,CSI Interfusion,1
1057,Pocket Gems,1
1058,Population Services International,1
1059,Butterfly Network,1
1060,"CGH Technologies, Inc.",1
1061,Prometheus Global Media,1
1062,Promega Corporation,1
1063,Prologis,1
1064,C. R. Bard,1
1065,Project Concern International,1
1066,Progenesis,1
1067,Profusa,1
1068,Product Madness,1
1069,Procter & Gamble,1
1070,"Probi USA, Inc.",1
1071,Primary Search Management,1
1072,Premierehire,1
1073,CBS Television Network,1
1074,PreVisor,1
1075,Pray,1
1076,Poshmark,1
1077,CDM Smith,1
1078,Raindance Partners Recruiting,1
1079,Rainforest QA,1
1080,"Rakuten Aspyrian, Inc.",1
1081,SF VA Medical Center,1
1082,SEMA4,1
1083,SEIU United Service Workers West,1
1084,Streamlyne,1
1085,SD Medical system Inc,1
1086,SCS Engineers,1
1087,SAS Institute,1
1088,SAP,1
1089,SAIC,1
1090,"Biocept, Inc.",1
1091,"Biomatrica, Inc.",1
1092,Bionic Sciences Inc.,1
1093,S&P DOW JONES INDICES,1
1094,Biotech Partners,1
1095,Bioverativ Therapeutics Inc,1
1096,Bizible,1
1097,Black & Veatch,1
1098,BlackRock,1
1099,SENS Research Foundation,1
1100,SG Analytics,1
1101,"Bombfell, Inc.",1
1102,SGS,1
1103,Big Mirror Labs,1
1104,SalesLoft,1
1105,Saildrone,1
1106,"BigBear, Inc.",1
1107,Sabey Corporation,1
1108,Bind Benefits,1
1109,SRS Investment Management,1
1110,SRI International,1
1111,SQAD LLC,1
1112,SPK Consultants Inc,1
1113,"SPINS, LLC",1
1114,SPAR Information Systems,1
1115,SOLUTE,1
1116,BioMarin Pharmaceutical Inc.,1
1117,SKA,1
1118,"SHIELDS for Families, Inc.",1
1119,SHI International Corp.,1
1120,RoundhouseOne,1
1121,Ropes & Gray,1
1122,RootPath Genomics,1
1123,BlackThorn Therapeutics,1
1124,Blue Health Intelligence,1
1125,Rent the Runway,1
1126,Blue Mesa Health,1
1127,Relus Cloud,1
1128,Refinery29,1
1129,Blue River Technology,1
1130,Redcley,1
1131,Bluestar Genomics,1
1132,Recruiting Resources,1
1133,RecruiterDNA,1
1134,Recorded Future,1
1135,Realtime Robotics,1
1136,Bold Metrics,1
1137,Rauxa,1
1138,Bolt Threads,1
1139,Rand Thompson Consultants LLC,1
1140,Rancho BioSciences,1
1141,"Blue Cross Blue Shield of IL, MT, NM, OK & TX",1
1142,Rescue Agency,1
1143,"Research Foundation for Mental Hygiene, Inc.",1
1144,Riverside Research,1
1145,Rockets of Awesome,1
1146,RockBridge Search & Recruitment,1
1147,Blackboard Insurance,1
1148,Blackstone Technology Group,1
1149,Robert Walters,1
1150,Robert W. Baird,1
1151,Robert Half Finance & Accounting,1
1152,Rippleshot,1
1153,Research Foundation of The City University of New York,1
1154,Blockstack,1
1155,BloomReach,1
1156,Ridgewood Diagnostic Laboratory,1
1157,Bloomberg BNA,1
1158,Bloomingdale's,1
1159,Blue Apron,1
1160,Research Now,1
1161,Strava,1
1162,TBWA\Chiat\Day,1
1163,Streetline,1
1164,Asimov,1
1165,Voluntis,1
1166,Volunteers of America Los Angeles,1
1167,Vituity,1
1168,Acuris,1
1169,AdTheorent,1
1170,ViralGains Inc.,1
1171,Adecco,1
1172,Aduro Biotech,1
1173,Vida,1
1174,Vichara,1
1175,Advanced Sciences and Technologies (AS&T),1
1176,"Advanced Technology Solutions, Inc",1
1177,Vettery,1
1178,Verve,1
1179,Advantage SCI,1
1180,"Aegerion Pharmaceuticals, Inc.",1
1181,Versive,1
1182,Verra Mobility,1
1183,Aegon,1
1184,Acima Spirits,1
1185,Voya Financial,1
1186,Vulcan Inc.,1
1187,Academia.edu,1
1188,WestRock,1
1189,WestCoast Children's Clinic,1
1190,Wells Fargo,1
1191,ASRC Federal Holding Company,1
1192,ASTA CRS,1
1193,AXA General Insurance,1
1194,Wealthfront,1
1195,AXS Group LLC,1
1196,Washington State Patrol,1
1197,Vungle,1
1198,Washington Metropolitan Area Transit Authority,1
1199,Acadian Asset,1
1200,AccessLex Institute,1
1201,Walker Sands Communications,1
1202,Walker Medical Solutions,1
1203,Wade & Wendy,1
1204,Wachsman,1
1205,WHOOP,1
1206,Verisk Maplecroft,1
1207,AeroFarms,1
1208,Verastem,1
1209,AkzoNobel,1
1210,Aki Technologies,1
1211,Akili Interactive,1
1212,University of San Francisco,1
1213,University of San Diego,1
1214,"Akima, LLC",1
1215,University of Colorado Boulder,1
1216,University of Chicago,1
1217,University of California San Francisco Medical Center,1
1218,Alaka`ina Foundation Family of Companies,1
1219,Upgrade,1
1220,Unity Technologies,1
1221,Alchemy Legal,1
1222,United Way,1
1223,United States Soccer Federation,1
1224,United Nations Development Programme (UNDP),1
1225,United Airlines Inc.,1
1226,Unisys,1
1227,UnionBank,1
1228,Akamai,1
1229,Airbnb,1
1230,Venmo,1
1231,"Agilent Technologies, Inc.",1
1232,Velocity,1
1233,Vaxess Technologies,1
1234,Affymetrix,1
1235,Valkyrie Intelligence,1
1236,"AgeX Therapeutics, Inc.",1
1237,VTS3,1
1238,VMware,1
1239,"VISUAL SOFT, INC",1
1240,VIR,1
1241,AirSage,1
1242,Ahrefs,1
1243,VIA Technical,1
1244,Ahtna Environmental Inc,1
1245,UtopiaCompression Corporation,1
1246,Usermind,1
1247,AiCure,1
1248,Upwork,1
1249,Uptown Treehouse,1
1250,Westfield Corporation,1
1251,Westwood One,1
1252,WhereTo,1
1253,A+E Networks,1
1254,3Q Digital,1
1255,605,1
1256,e.biT Consulting,1
1257,dbHMS,1
1258,6sense,1
1259,aven pharma & tech llc,1
1260,[m]Platform,1
1261,7Cups,1
1262,Zume Inc.,1
1263,ePrize,1
1264,Zoosk,1
1265,A-Line Staffing,1
1266,Zoetis,1
1267,Zipcar,1
1268,Zingbox,1
1269,A2e Technologies,1
1270,AARP,1
1271,AB Sciex Pte,1
1272,"eHire, LLC",1
1273,ecoATM LLC,1
1274,Zelis Healthcare,1
1275,24 Hour Fitness,1
1276,1199SEIU Family of Funds,1
1277,uBiome,1
1278,true[x],1
1279,1871,1
1280,thoughtmatrix,1
1281,raag solutions,1
1282,ptimus Consulting,1
1283,permIT LLC,1
1284,lululemon athletica,1
1285,edX,1
1286,letgo,1
1287,2M Research Services,1
1288,2U,1
1289,"iHeartMedia, Inc.",1
1290,3D Systems,1
1291,exp,1
1292,eviCore healthcare,1
1293,envisionit,1
1294,ACADIA Pharmaceuticals Inc.,1
1295,Zebit,1
1296,White Bay Group,1
1297,ANALYTICA,1
1298,AMP Agency,1
1299,Wonderschool,1
1300,Wolverine Trading,1
1301,Woebot,1
1302,Wix,1
1303,Wittenberg Weiner Consulting LLC,1
1304,Wittaff Inc.,1
1305,"Wiss, Janney, Elstner Associates",1
1306,Wipro Limited,1
1307,"Woodlyn Partners, Inc.",1
1308,"APEXIGEN, INC.",1
1309,APTIM,1
1310,ARYZTA Careers,1
1311,Will-N-Able,1
1312,Wild Type,1
1313,Wholefoods,1
1314,Whiterabbit.ai,1
1315,Whitehead Institute,1
1316,Woodland Park Zoo,1
1317,Workers' Compensation Insurance Rating Bureau of California (WCIRB),1
1318,ACT Commodities,1
1319,AFL-CIO,1
1320,Z Gallerie,1
1321,Z FEDERAL,1
1322,Yumanity,1
1323,YourMechanic,1
1324,Yodlee,1
1325,Year Up,1
1326,YapStone,1
1327,YIWEI Medical Inc.,1
1328,Xpert Staffing,1
1329,World Business Chicago,1
1330,"Xpect SVC, LLC",1
1331,AHA American Hospital Association,1
1332,XPO Logistics,1
1333,XL Catlin,1
1334,X4 Pharmaceuticals,1
1335,AI/IoT/Blockchain NewCo,1
1336,World Wildlife Fund,1
1337,World Resources Institute,1
1338,Union Bank,1
1339,Unicon Pharma,1
1340,UniBit Inc.,1
1341,Taulia,1
1342,Tendril,1
1343,Tenable,1
1344,Arbor Biotechnologies,1
1345,Tellius,1
1346,Arcadis,1
1347,Techpros,1
1348,TechnoGen Inc,1
1349,Technica,1
1350,TaskRabbit,1
1351,Tephra Inc,1
1352,Arch,1
1353,Tapestry,1
1354,"Tanvex BioPharma USA,Inc",1
1355,Tang Capital Management,1
1356,Talent Savant,1
1357,Talent Management Solutions,1
1358,Arcturus Therapeutics,1
1359,Ardent Eagle Solutions,1
1360,Tenor.ai,1
1361,Teracore,1
1362,Aristotle,1
1363,The Children's Place,1
1364,The Hartford,1
1365,"Apex Companies, LLC",1
1366,The Future Project,1
1367,"Apex Staffing, Inc.",1
1368,The College Board,1
1369,App Info,1
1370,The Clorox Company,1
1371,AppNexus,1
1372,The Catholic University of America,1
1373,Aramco Services Company,1
1374,Applied Memetics LLC,1
1375,"Applied Research Associates, Inc",1
1376,The Aspen Institute,1
1377,The Aerospace Corporation,1
1378,Tetra Tech,1
1379,Tessella,1
1380,Tesorio,1
1381,Aptus Health,1
1382,Taboola,1
1383,Arivale,1
1384,The Henry M. Jackson Foundation,1
1385,SurveyMonkey,1
1386,Syneos Health (previously INC Research/inVentiv Health),1
1387,Synechron,1
1388,Syndicus Inc,1
1389,Synchrony Financial,1
1390,Arth Systems,1
1391,Sweeten,1
1392,"Swedish Medical Center - Seattle, WA",1
1393,Suzy,1
1394,Suplari,1
1395,Synergis,1
1396,Sunrise Systems Inc,1
1397,Sun Life Financial,1
1398,Sun Chemical Corporation,1
1399,Sumo,1
1400,StubHub,1
1401,Stryker,1
1402,Asian Americans Advancing Justice - Los Angeles,1
1403,Strike Social,1
1404,Syneos Health Commercial Solutions,1
1405,Array BioPharma,1
1406,Arosys,1
1407,TEXAS DEPARTMENT OF PUBLIC SAFETY,1
1408,TSYS,1
1409,TRC,1
1410,TRANZACT,1
1411,TP Therapeutics,1
1412,TMP Worldwide,1
1413,TINYpulse,1
1414,TIAA,1
1415,THC Design,1
1416,TD Securities,1
1417,System1 Biosciences,1
1418,TCGplayer,1
1419,TBWA\WorldHealth,1
1420,Philo,1
1421,Array Architects Inc,1
1422,T3,1
1423,"T. White Parker Associates, Incorporated",1
1424,T. Rowe Price,1
1425,Systems Planning and Analysis,1
1426,The Helmsley Charitable Trust,1
1427,The Hershey Company,1
1428,Unchained Labs,1
1429,Tubular Labs,1
1430,"Tygart Technology, Inc.",1
1431,Tyemill,1
1432,American Council of Life Insurers,1
1433,American Council on Exercise,1
1434,Twentieth Television,1
1435,Tusimple,1
1436,"Turnitin, LLC",1
1437,American Dental Association,1
1438,Tubi TV,1
1439,Altice USA,1
1440,American Environmental Assessment,1
1441,TrueFacet,1
1442,True Fit,1
1443,American Nursing Services,1
1444,"Trinity Global Consulting, LLC",1
1445,Trinamix Inc.,1
1446,Trimble Inc.,1
1447,Trifacta,1
1448,Amazon Go,1
1449,"Alteryx, Inc.",1
1450,Trialspark,1
1451,US Cellular,1
1452,Alere,1
1453,"UltraBio Technologies, Inc",1
1454,Alexza Pharmaceuticals,1
1455,UiPath,1
1456,Algorithmia,1
1457,UST Global Inc.,1
1458,Alion Science and Technology,1
1459,Allen Frontiers Group,1
1460,US Agency for International Development,1
1461,Alphasights: Engineering,1
1462,UNTUCKit,1
1463,UNICEF,1
1464,UHY LLP,1
1465,UCLA David Geffen School of Medicine,1
1466,AllianceData,1
1467,UCB S.A.,1
1468,UCB,1
1469,Alpha,1
1470,"Tricida, Inc.",1
1471,Tremor Video DSP,1
1472,Anton Paar,1
1473,Analytics Associates,1
1474,ThirdLove,1
1475,Amyx Inc,1
1476,Theravance Biopharma,1
1477,The Wonderful Company LLC,1
1478,The University of Chicago Medicine,1
1479,Analysis Group,1
1480,The Situs Companies,1
1481,The Rockefeller University,1
1482,Androcles-Group,1
1483,Thomson Reuters,1
1484,"Angiex, Inc.",1
1485,The NPD Group,1
1486,Angle Technologies,1
1487,Anokion,1
1488,The Laso Corp,1
1489,"The Kenjya-Trusant Group, LLC",1
1490,The Intersect Group,1
1491,Anokion SA,1
1492,Thomas Publishing Company LLC,1
1493,Thor Life Sciences,1
1494,Ameriprise Financial,1
1495,Townsquare Media,1
1496,"Transworld Systems, Inc. (TSI)",1
1497,Transfix.io,1
1498,Transdev,1
1499,Amobee,1
1500,Amperity,1
1501,TransFair USA,1
1502,Trading Technologies,1
1503,Trader Interactive,1
1504,Total Systems Technologies Corporation,1
1505,Amtrak,1
1506,Torani,1
1507,"Topcon Medical Systems, Inc.",1
1508,"Amplify Education, Inc.",1
1509,Tilting Point,1
1510,Tigroup,1
1511,Tier1 IT,1
1512,TiVo,1
1513,Thumbtack,1
1514,"Phoenix Tree Publishing, Inc.",1
1515,Paige.ai,1
1516,CSRA,1
1517,IGM Biosciences,1
1518,"Ian, Evan & Alexander Corporation",1
1519,ITStaff Technical Resources,1
1520,ITL USA,1
1521,Department of the Navy,1
1522,IQ Workforce,1
1523,IPG Mediabrands,1
1524,INTERA,1
1525,IJC Associates,1
1526,IFPRI (International Food Policy Research Institute),1
1527,Department of Homeland Security,1
1528,Deutsch,1
1529,"ICU Medical, Inc.",1
1530,DiMeo Schneider & Associates,1
1531,IAS-USA,1
1532,Hydrogen Group,1
1533,Diazyme,1
1534,Huxley IT,1
1535,Hunter BioDiscovery,1
1536,Department of Transportation,1
1537,Department of Health And Human Services,1
1538,Humanyze,1
1539,Infectious Disease Research Institute,1
1540,Insight Health Analytics,1
1541,Defined Clarity,1
1542,Inseego,1
1543,"Innovation Center for Biomedical Informatics, Georgetown University",1
1544,Delos,1
1545,Infomatics Corp,1
1546,Infocorvus,1
1547,Infinite Uptime,1
1548,Indotronix International Corporation,1
1549,Imagining Human,1
1550,Delta Air Lines,1
1551,Indeed,1
1552,Incandescent Technologies,1
1553,Dematic,1
1554,Dendreon Corporation,1
1555,Improbable,1
1556,Department of Education,1
1557,Department of Energy,1
1558,Humu,1
1559,Humana,1
1560,Kraft Heinz Company,1
1561,Hearts and Science,1
1562,HiFiBiO Therapeutics,1
1563,HexaCorp,1
1564,Heron Therapeutics,1
1565,Drivin/Autoniq,1
1566,HelloWorld,1
1567,Drug Policy Alliance,1
1568,Heliotrope Technologies,1
1569,Duff & Phelps Investment Management Company,1
1570,HeartFlow,1
1571,High Lantern Group,1
1572,Heart Rhythm Society (HRS),1
1573,Dun & Bradstreet,1
1574,Heap,1
1575,"HealthyPets, Inc.",1
1576,Dynavax Technologies,1
1577,Headway Workforce Solutions,1
1578,Hawkins Diagnostics,1
1579,"HaulHub, Inc.",1
1580,Drift,1
1581,HighPoint,1
1582,Hulu,1
1583,DoSomething.org,1
1584,Digit,1
1585,Diligent,1
1586,Howard University,1
1587,Dirty Lemon Beverages,1
1588,Discord,1
1589,Displayr,1
1590,Divergent 3D,1
1591,Hopjump,1
1592,Honey,1
1593,DoubleDown Interactive LLC,1
1594,DomainTools,1
1595,Hometap,1
1596,Domino Data Lab,1
1597,Hiya,1
1598,DonorsChoose.org,1
1599,"Hitachi Chemical Advanced Therapeutics Solutions, LLC",1
1600,Dotdash,1
1601,HireStarter,1
1602,Insight Strategy Group,1
1603,Insikt,1
1604,Inspire Brands,1
1605,KDR recruitment,1
1606,DEPARTMENT OF SANITATION,1
1607,DEPT OF INFO TECH & TELECOMM,1
1608,DEPT OF PARKS & RECREATION,1
1609,KOCH SUPPLY AND TRADING,1
1610,KOCH AG & ENERGY SOLUTIONS,1
1611,DF/Net Research,1
1612,DISNEY,1
1613,DONOR NETWORK WEST,1
1614,KCS Partners,1
1615,Kate Spade & Company,1
1616,KBI Biopharma,1
1617,KAYAK,1
1618,Jvion,1
1619,DRS Technologies,1
1620,Just Biotherapeutics,1
1621,Joymode,1
1622,"Joseph J. Blake & Associates, Inc.",1
1623,"Joseph Gunnar & Co., LLC",1
1624,Kaplan,1
1625,Kavyos Consulting Inc,1
1626,Deeter Investments LLP,1
1627,Kintai Therapeutics,1
1628,Cubic Corporation,1
1629,Kofi Solutions Group,1
1630,Cugene Inc,1
1631,Custoria,1
1632,CyberCube Analytics,1
1633,Cytobank Inc.,1
1634,Kiva.org,1
1635,Kite Pharma,1
1636,Kinsa Inc.,1
1637,Keller Williams,1
1638,D&K Engineering,1
1639,Keypoint Intelligence,1
1640,Key Lime Interactive,1
1641,Kessler Foundation,1
1642,Kemper Corporation,1
1643,D.A. Davidson & Co.,1
1644,10x Genomics,1
1645,DCS Corp,1
1646,Jopwell,1
1647,"Joinn Laboratories CA, Inc",1
1648,John Leonard,1
1649,Intent Media,1
1650,Internet Brands,1
1651,"International Information Technology Team, Inc.",1
1652,International Flavors and Fragrances,1
1653,International AIDS Vaccine Initiative,1
1654,Daugherty New York,1
1655,Intercept Pharmaceuticals,1
1656,Davey Tree,1
1657,Davis Defense Group,1
1658,Dealmoon,1
1659,DV Trading LLC,1
1660,IntelliPro Group Inc.,1
1661,"DeepCurrent Technologies, Inc.",1
1662,Insurify,1
1663,DeepMind,1
1664,DeepScale,1
1665,Institute for Health Metrics and Evaluation - Faculty,1
1666,Institute for Defense Analyses,1
1667,Insticator Inc,1
1668,Dau International LLC,1
1669,Intuitive Surgical,1
1670,Invenia Resourcing,1
1671,Datadog,1
1672,Dailymotion,1
1673,Daimler,1
1674,"Jefferies & Company, Inc.",1
1675,Daley and Associates,1
1676,"Jack In The Box | Jack in the Box, Inc.",1
1677,"JUST, Inc.",1
1678,Dashlane,1
1679,Dassault Systmes,1
1680,Data+Math,1
1681,DataAxxis,1
1682,J.E. Ranta Associates,1
1683,J.D. Power,1
1684,DataMasters,1
1685,Iovance Biotherapeutics,1
1686,Inzone,1
1687,Databricks,1
1688,Investigative Company,1
1689,Hatch,1
1690,E.L. Haynes Public Charter School,1
1691,"Hart Crowser, Inc.",1
1692,Fresh Digital Group,1
1693,G2S Corporation,1
1694,Funding Circle US,1
1695,"Eurofins VRL, Inc.",1
1696,Fulcrum Analytics,1
1697,Evalueserve,1
1698,Frontend Arts,1
1699,Frontapp,1
1700,Evelo Biosciences,1
1701,Frequence,1
1702,GEI Consultants Inc,1
1703,Eventbrite,1
1704,EverQuote,1
1705,Everest Clinical Research,1
1706,FraudScope,1
1707,Evidation Health,1
1708,"Frank N. Magid Associates, Inc.",1
1709,FrameWorks Institute,1
1710,Evident,1
1711,GA Instructor,1
1712,Eurofins DiscoverX Corporation,1
1713,Envision Horizons,1
1714,Epizyme,1
1715,Epic Creations,1
1716,Epic Sciences,1
1717,"Gencyte Therapeutics, Inc.",1
1718,Gemological Institute of America,1
1719,"Epiq Systems, Inc.",1
1720,Gelber Group,1
1721,"Gateway Recruiting, INC",1
1722,Gartner,1
1723,Equifax,1
1724,GEORGIA-PACIFIC,1
1725,Equity Residential,1
1726,Gaia International Inc.,1
1727,GZA,1
1728,Esha IT,1
1729,GSI Service Group Inc,1
1730,Etiometry,1
1731,GQR,1
1732,GOAT,1
1733,Fox Networks Group,1
1734,Fox Networks Digital Consumer Group,1
1735,Formation Environmental LLC,1
1736,Fanning Personnel,1
1737,Feeding America,1
1738,Federation for American Immigration Reform (Fair),1
1739,Federal Reserve Bank of New York,1
1740,Federal Reserve Bank of Chicago,1
1741,Feasible,1
1742,"Farmer's Business Network, Inc.",1
1743,Farfetch,1
1744,Fareportal Inc.,1
1745,Ezra Penland Actuarial Recruitment,1
1746,Forcepoint,1
1747,FBR & Co.,1
1748,FanDuel,1
1749,Fair Trade USA,1
1750,Factual,1
1751,Factspan Inc,1
1752,"Facility Management Planners, Inc",1
1753,FabFitFun,1
1754,FREEDOM CONSULTING GROUP,1
1755,Feedvisor,1
1756,"ExtraHop Networks, Inc.",1
1757,Fibroblast,1
1758,Exonics Therapeutics,1
1759,Fooda,1
1760,ExThera Medical Corporation,1
1761,Excellent Business Consultants,1
1762,Fluid Intelligence,1
1763,FlowWest,1
1764,Flexport,1
1765,Flatiron Health,1
1766,Fitch Ratings,1
1767,Fitbit,1
1768,Fit Analytics,1
1769,FiscalNote,1
1770,First Soft Solutions LLC,1
1771,Executive Alliance,1
1772,First Derivatives plc,1
1773,Finrise,1
1774,Finra,1
1775,Figure,1
1776,Epic Bio,1
1777,General Atomics Aeronautical Systems,1
1778,Harry's,1
1779,Guardian Analytics,1
1780,H5,1
1781,Eastern Bank,1
1782,Gymboree,1
1783,Guttmacher Institute,1
1784,"Guidewire Software, Inc.",1
1785,Guidepoint Global,1
1786,Eclaro,1
1787,Guardian Life Insurance Company,1
1788,EcoHealth Alliance,1
1789,HBUS,1
1790,Edelman & Associates,1
1791,Growth Technical Staffing,1
1792,"Edison Software, Inc.",1
1793,GroupM,1
1794,Group SJR,1
1795,Group One Trading,1
1796,Group Nine Media,1
1797,Effective Spend,1
1798,HBO,1
1799,HCL Technologies,1
1800,Environmental Working Group,1
1801,HackerOne,1
1802,Harman Connected Services,1
1803,"Happy Faces Personnel Group, Inc.",1
1804,EXPERIAN,1
1805,Hanweck Associates,1
1806,"Hampton-Clarke, Inc",1
1807,Eagle SNG,1
1808,Haley & Aldrich,1
1809,Hales Franciscan High School,1
1810,HUB International,1
1811,HD Supply,1
1812,HP,1
1813,HOUSING PRESERVATION & DVLPMNT,1
1814,HONK,1
1815,HNTB Corporation,1
1816,"HKS, Inc.",1
1817,HIRECLOUT,1
1818,EarthDefine,1
1819,"East River BioSolutions, Inc.",1
1820,"Egnyte, Inc.",1
1821,Gritstone Oncology,1
1822,Grindr,1
1823,Enovity,1
1824,"GlobalLogic, Inc.",1
1825,Global Pharmaceutical Company via RCH Solutions,1
1826,Global Computing - Mexico,1
1827,Global Atlantic Financial Group,1
1828,Engine Biosciences,1
1829,Enlighted,1
1830,Gigster,1
1831,Gifford Fong Associates (GFA),1
1832,"Enquero, Inc",1
1833,Grifols,1
1834,Georgia State University,1
1835,Geomagical Labs,1
1836,"GeoVax, Inc.",1
1837,Genomic Health,1
1838,Enterprise Peak,1
1839,Environmental Protection Agency,1
1840,General Motors,1
1841,Environmental Risk Services Corporation,1
1842,Glocomms,1
1843,GoPro,1
1844,Golden Gate National Parks Conservancy,1
1845,EnerNOC,1
1846,"Gresham, Smith and Partners.",1
1847,Grenzebach Glier and Associates,1
1848,Greenlots,1
1849,"GreenZone Solutions, Inc.",1
1850,"Elavon, Inc.",1
1851,GreatCall,1
1852,Grata Data,1
1853,Elenion Technologies,1
1854,Elev8 Hire Solutions,1
1855,Grand Rounds,1
1856,"Grammarly, Inc.",1
1857,Elevations Credit Union,1
1858,GovernmentCIO,1
1859,Government of the District of Columbia,1
1860,Emory Healthcare,1
1861,Encore Information Systems Inc.,1
1862,Enel Green Power North America,1
1863,Koneksa Health,1
1864,Kronos Bio,1
1865,CTG,1
1866,Newmark Knight Frank,1
1867,Chartboost,1
1868,"Niantic, Inc.",1
1869,Niantic Labs,1
1870,Nexient,1
1871,Nexcelom Bioscience,1
1872,Newton Colmore Consulting Ltd,1
1873,Newsela,1
1874,NewsCred,1
1875,Chegg,1
1876,ChartSpan,1
1877,New York Stem Cell Foundation,1
1878,New York State Office of the Attorney General (OAG),1
1879,New York State Office of the Attorney General,1
1880,Cherokee Nation Businesses,1
1881,Children's Healthcare of Atlanta,1
1882,New York City Transit,1
1883,New Post Search,1
1884,"New Iron Group, Inc.",1
1885,"ChartSpan Medical Technologies, Inc.",1
1886,Nike,1
1887,New Classrooms,1
1888,Novelis,1
1889,Nxt Level,1
1890,"Nuvola Staffing & Solutions, LLC.",1
1891,Nuveen,1
1892,Nucleus Research,1
1893,NuWest Healthcare,1
1894,Novo Nordisk,1
1895,Novi Labs,1
1896,Center for Sustainable Energy,1
1897,Center for the Study of Services,1
1898,NinthDecimal,1
1899,Notable Labs,1
1900,Centro,1
1901,Northwestern Mutual Life Insurance Company,1
1902,Northside Hospital,1
1903,Cervello Inc,1
1904,Chadwick Martin Bailey,1
1905,Change.org,1
1906,Nmatrixx,1
1907,"New Era Group, Inc",1
1908,New Amsterdam Partners LLC,1
1909,Kura Oncology,1
1910,Cisco Meraki,1
1911,National Fish Wildlife Foundation,1
1912,Circle,1
1913,National Debt Relief,1
1914,National CineMedia,1
1915,National Center for CryoEM Access and Training (NCCAT),1
1916,Natero,1
1917,Circle Internet Financial,1
1918,Narvar,1
1919,Nanigans,1
1920,Cibus US LLC,1
1921,NYC Administration for Children's Services,1
1922,NXP Semiconductors,1
1923,Cityblock Health,1
1924,NV5,1
1925,NTT DATA Services,1
1926,NRT New York LLC,1
1927,Clara,1
1928,Clarifai,1
1929,National Geographic,1
1930,National Oilwell Varco,1
1931,New America,1
1932,"Chubbies, Inc.",1
1933,"Neustar, Inc.",1
1934,Children's Hospital & Research Center Oakland,1
1935,Neurable,1
1936,Children's Hospital Los Angeles,1
1937,Networkers,1
1938,Network ESC,1
1939,Children's Tumor Foundation,1
1940,"Choate, Hall & Stewart LLP",1
1941,"Neilson Financial Services, USA",1
1942,National Renewable Energy Laboratory,1
1943,Neilson Financial Services,1
1944,Neer Info Solutions,1
1945,Near,1
1946,Neal Analytics,1
1947,Nautilus Labs,1
1948,CiBO Technologies,1
1949,Natixis Investment Managers,1
1950,Cibus,1
1951,OBXtek,1
1952,Center for Infectious Disease Research,1
1953,OKCupid,1
1954,PagerDuty,1
1955,Parsable,1
1956,Parker Institute for Cancer Immunotherapy,1
1957,Park Assist LLC,1
1958,CapTech Consulting,1
1959,Capax Global LLC,1
1960,Panaseer,1
1961,Pall,1
1962,FMG Suite,1
1963,Pager,1
1964,Parsons,1
1965,Pacific Northwest National Laboratory,1
1966,Capella Space,1
1967,Pacific Institute for Research and Evaluation,1
1968,Pacific Gas And Electric Company,1
1969,PSM Partners,1
1970,PS&S,1
1971,PRO Unlimited @ facebook,1
1972,PRA Health Sciences,1
1973,Parsec Media,1
1974,"Canon U.S.A., Inc.",1
1975,OM Partners,1
1976,Performics,1
1977,CUNA Mutual Group,1
1978,CableLabs,1
1979,Cabot Corporation,1
1980,California Rehabilitation Institute,1
1981,Petuum,1
1982,Personnel Management Consultants,1
1983,Calithera Biosciences,1
1984,Callire Group,1
1985,PepsiCo,1
1986,Camris International,1
1987,"People With Developmental Disabilities, Office for",1
1988,Pentasia,1
1989,Penske Media Corp.,1
1990,Cambridge Consultants Ltd,1
1991,Peloton,1
1992,Cambridge Trust Company,1
1993,Payments & Cards Network,1
1994,Camden Kelly Corporation,1
1995,Capital Group,1
1996,"POWER Engineers, Inc.",1
1997,Captricity,1
1998,Celtra Inc.,1
1999,Casper,1
2000,"Onyx Government Services, LLC",1
2001,Oneida ESC Group,1
2002,"OneGlobe, LLC",1
2003,OneGlobe,1
2004,Omega Therapeutics,1
2005,Celldom,1
2006,Celonis,1
2007,Oliver James Associates,1
2008,PHASTAR,1
2009,Old Mission Capital,1
2010,Okaya Inc,1
2011,Odonate Therapeutics,1
2012,Obsidian Therapeutics,1
2013,Centene Corporation,1
2014,OUTFRONT media,1
2015,OPCOM,1
2016,OM1,1
2017,OpenAI,1
2018,"Carters, Inc",1
2019,Carney,1
2020,Carnegie Institution for Science,1
2021,PCI Strategic Management,1
2022,PARTNERSHIP for PUBLIC SERVICE,1
2023,PAE,1
2024,Cardinal Solutions,1
2025,Outreach,1
2026,Outcome Health,1
2027,Otis College of Art and Design,1
2028,Organovo,1
2029,Organic,1
2030,Careers In Nonprofits,1
2031,Optoro,1
2032,Optomi,1
2033,Options Group,1
2034,Options Clearing Corporation,1
2035,Optimizely,1
2036,Opportunity Finance Network,1
2037,Carnegie Institution,1
2038,Classy,1
2039,Clinical Solutions Group,1
2040,Clora,1
2041,Coso IT,1
2042,Loomly,1
2043,"Loomis, Sayles & Company, L.P.",1
2044,Lonza Biologics,1
2045,Logyx,1
2046,"Cornerstone Search Group, LLC",1
2047,Corning,1
2048,Locus Technologies,1
2049,"Lockstep, Inc.",1
2050,Lob,1
2051,Los Angeles County Department of Human Resources,1
2052,Coupa Software,1
2053,"Lionshare Lending, LLC",1
2054,Court Services and Offender Supervision Agency for DC,1
2055,LinQuest Corporation,1
2056,Courtney Raymond Consultants,1
2057,Cox Enterprises,1
2058,Cox Media Group,1
2059,LifeMine,1
2060,Lorven Technologies,1
2061,Los Angeles Universal Preschool,1
2062,MacDermid Inc.,1
2063,Conversica,1
2064,Connexion Systems & Engineering,1
2065,MRY,1
2066,"MORI Associates, Inc",1
2067,MONSANTO,1
2068,MMT,1
2069,MJK Concepts,1
2070,Construction Realty Services Group,1
2071,ContraFect Corporation,1
2072,CooperSurgical,1
2073,Love and Company,1
2074,Lyric,1
2075,"Lynx, Inc.",1
2076,Lyft,1
2077,Lux Research Inc,1
2078,"Lumos Labs, Inc.",1
2079,Lumere,1
2080,Cooperative Institute for Research in the Atmosphere,1
2081,Lovepop,1
2082,Life360,1
2083,Lieberman Research Worldwide,1
2084,Coyote Logistics,1
2085,"Crop One Holdings, Inc.",1
2086,Lattice Engines,1
2087,"Langan Engineering and Environmental Services, Inc.",1
2088,Lancer Insurance Company,1
2089,Credit Suisse,1
2090,Labtech Specialty Staffing,1
2091,Criterion Systems,1
2092,LabKey Software,1
2093,LabKey,1
2094,Crossfire,1
2095,"Liberty Lending, LLC",1
2096,Lab Pros,1
2097,LT,1
2098,"LS Technologies, LLC",1
2099,LQ Digital,1
2100,LPL Financial,1
2101,Crunch Data,1
2102,Crystal Dynamics,1
2103,LEWIS,1
2104,LaunchCode,1
2105,LawTrades,1
2106,LawnStarter,1
2107,Credibly,1
2108,Liberty Healthcare Corporation,1
2109,Lexington Solutions Group,1
2110,Level Education from Northeastern University,1
2111,Lennon Wright,1
2112,Crafty Machine,1
2113,Crain Communications,1
2114,LendUp,1
2115,Cray,1
2116,Legislative Budget Board,1
2117,Crdit Agricole CIB,1
2118,Legal Services Corporation,1
2119,Ledcor,1
2120,LearnVest,1
2121,LeapYear,1
2122,Leap.ai,1
2123,Leafly Holdings,1
2124,Le CultureClub,1
2125,MUSEUM ASSOCIATES,1
2126,Connection Lab,1
2127,NBCUniversal,1
2128,MindRight,1
2129,Coffee Meets Bagel,1
2130,Mitek Systems,1
2131,Mission Bio,1
2132,Missing Link Security,1
2133,Cogent Professionals,1
2134,Cogitativo,1
2135,Mintel,1
2136,Cognition Financial Corporation,1
2137,Miltenyi Biotec,1
2138,Mondelez International,1
2139,Milliman,1
2140,Milken Institute,1
2141,Milacron LLC,1
2142,Mighty AI,1
2143,Midaxo,1
2144,Microvi,1
2145,MicroVision,1
2146,Micro Tech Staffing Group,1
2147,Molecular Templates Inc,1
2148,Moneythink,1
2149,"Magic Leap, Inc.",1
2150,Movable Ink,1
2151,NAVICAN GENOMICS INC,1
2152,N C Q A,1
2153,Cloudflare,1
2154,Mynd,1
2155,Mybrainsolutions,1
2156,Mozilla,1
2157,"Moxie Interactive, Inc.",1
2158,Moxie,1
2159,"Clovis Oncology, Inc.",1
2160,Codiak BioSciences,1
2161,Motorola Solutions,1
2162,Coalition,1
2163,Motivate International Inc.,1
2164,Motif Investing,1
2165,Cobalt Robotics,1
2166,Morning Consult,1
2167,Code Pilot,1
2168,"Montrose Environmental Group, Inc.",1
2169,Metropolitan Transportation Authority,1
2170,Metromile,1
2171,MetroPlus Health Plan,1
2172,Marina Maher Communications,1
2173,MasterClass,1
2174,Massdrop,1
2175,Comtech Global Inc,1
2176,ConAgra Foods,1
2177,Marsh & McLennan Companies,1
2178,Marsh,1
2179,Conagra Brands,1
2180,Market Track,1
2181,Marcus & Associates,1
2182,Metro-Goldwyn-Mayer Studios,1
2183,Marchex,1
2184,Concentric Marketing,1
2185,Conde Nast,1
2186,Manthan Systems,1
2187,Connect VIP,1
2188,Mallinckrodt,1
2189,"Malin Space Science Systems, Inc.",1
2190,Malin Space Science Systems,1
2191,Match,1
2192,Matrix New World Engineering,1
2193,Matrix Resources,1
2194,Matthews Asia,1
2195,Coherent Germany,1
2196,Metabiota,1
2197,Meso Scale Diagnostics,1
2198,"Coherent, Inc.",1
2199,Coinlist,1
2200,Merkle Inc.,1
2201,College of Marin,1
2202,CollegeVine,1
2203,Memjet,1
2204,"MemComputing, Inc.",1
2205,Comlinkdata,1
2206,MedStar Health Research Institute,1
2207,MedStar Health,1
2208,Commerce Signals,1
2209,McKesson,1
2210,Maxus,1
2211,Compass Lexecon,1
2212,Kelton Global LLC,1
